"Banda cambiaria","","","",""
"1.1.6. Banda cambiaria_datos históricos","","","",""
"","","","",""
"Información disponible desde enero 24 de 1994 hasta 24 de septiembre de 1999.","","","",""
" ","","","",""
" ","","","",""
"","","","",""
"Fecha(dd/mm/aaaa)","Piso (COP/USD)","Punto medio (COP/USD)","Techo (COP/USD)",""
"24/01/1994","759.20","816.34","873.49",""
"25/01/1994","759.52","816.69","873.86",""
"26/01/1994","759.84","817.03","874.22",""
"27/01/1994","760.16","817.37","874.59",""
"28/01/1994","760.48","817.72","874.96",""
"31/01/1994","760.80","818.06","875.33",""
"01/02/1994","761.12","818.41","875.70",""
"02/02/1994","761.44","818.75","876.06",""
"03/02/1994","761.76","819.10","876.43",""
"04/02/1994","762.08","819.44","876.80",""
"07/02/1994","762.40","819.79","877.17",""
"08/02/1994","762.72","820.13","877.54",""
"09/02/1994","763.04","820.48","877.91",""
"10/02/1994","763.36","820.82","878.28",""
"11/02/1994","763.69","821.17","878.65",""
"14/02/1994","764.01","821.51","879.02",""
"15/02/1994","764.33","821.86","879.39",""
"16/02/1994","764.65","822.20","879.76",""
"17/02/1994","764.97","822.55","880.13",""
"18/02/1994","765.29","822.90","880.50",""
"21/02/1994","765.62","823.24","880.87",""
"22/02/1994","765.94","823.59","881.24",""
"23/02/1994","766.26","823.94","881.61",""
"24/02/1994","766.58","824.25","881.98",""
"25/02/1994","766.91","824.63","882.35",""
"28/02/1994","767.23","824.98","882.73",""
"01/03/1994","767.55","825.32","883.10",""
"02/03/1994","767.87","825.67","883.47",""
"03/03/1994","768.20","826.02","883.84",""
"04/03/1994","768.52","826.37","884.21",""
"07/03/1994","768.84","826.71","884.58",""
"08/03/1994","769.17","827.06","884.96",""
"09/03/1994","769.49","827.41","885.33",""
"10/03/1994","769.82","827.76","885.70",""
"11/03/1994","770.14","828.11","886.07",""
"14/03/1994","770.46","828.46","886.45",""
"15/03/1994","770.79","828.80","886.82",""
"16/03/1994","771.11","829.15","887.57",""
"17/03/1994","771.44","829.50","887.57",""
"18/03/1994","771.76","829.85","887.94",""
"22/03/1994","772.09","830.20","888.31",""
"23/03/1994","772.41","830.55","888.69",""
"24/03/1994","772.74","830.90","889.06",""
"25/03/1994","773.06","831.25","889.44",""
"28/03/1994","773.06","831.60","889.91",""
"29/03/1994","773.71","831.95","890.19",""
"30/03/1994","774.04","832.30","890.56",""
"04/04/1994","774.36","832.65","890.94",""
"05/04/1994","774.69","833.00","891.31",""
"06/04/1994","775.02","833.35","891.69",""
"07/04/1994","775.34","833.70","892.06",""
"08/04/1994","775.67","834.05","892.44",""
"11/04/1994","776.00","834.40","892.81",""
"12/04/1994","776.32","834.75","893.19",""
"13/04/1994","776.65","835.11","893.56",""
"14/04/1994","776.98","835.46","893.94",""
"15/04/1994","777.30","835.81","894.32",""
"18/04/1994","777.63","836.16","894.69",""
"19/04/1994","777.96","836.51","895.07",""
"20/04/1994","778.28","836.86","895.45",""
"21/04/1994","778.61","837.22","895.82",""
"22/04/1994","778.94","837.57","896.20",""
"25/04/1994","779.27","837.92","896.58",""
"26/04/1994","779.60","838.27","896.95",""
"27/04/1994","779.92","838.63","897.33",""
"28/04/1994","780.25","838.98","897.71",""
"29/04/1994","780.58","839.33","898.09",""
"02/05/1994","780.91","839.69","898.47",""
"03/05/1994","781.24","840.04","898.84",""
"04/05/1994","781.57","840.39","899.22",""
"05/05/1994","781.90","840.75","899.60",""
"06/05/1994","782.22","841.10","899.98",""
"09/05/1994","782.55","841.46","900.36",""
"10/05/1994","782.88","841.81","900.74",""
"11/05/1994","783.21","842.16","901.12",""
"12/05/1994","783.54","842.52","901.49",""
"13/05/1994","783.87","842.87","901.87",""
"17/05/1994","784.20","843.23","902.25",""
"18/05/1994","784.53","843.58","902.63",""
"19/05/1994","784.86","843.94","903.01",""
"20/05/1994","785.19","844.29","903.39",""
"23/05/1994","785.52","844.65","903.77",""
"24/05/1994","785.85","845.00","904.15",""
"25/05/1994","786.18","845.36","904.53",""
"26/05/1994","786.52","845.72","904.92",""
"27/05/1994","786.85","846.07","905.30",""
"30/05/1994","787.18","846.43","905.68",""
"31/05/1994","787.51","846.78","906.06",""
"01/06/1994","787.54","847.14","906.44",""
"02/06/1994","788.17","847.50","906.82",""
"03/06/1994","788.50","847.85","907.20",""
"07/06/1994","788.84","848.21","907.58",""
"08/06/1994","789.17","848.57","907.97",""
"09/06/1994","789.50","848.92","908.35",""
"10/06/1994","789.83","849.28","908.73",""
"14/06/1994","790.16","849.64","909.11",""
"15/06/1994","790.50","850.00","909.50",""
"16/06/1994","790.83","850.35","909.88",""
"17/06/1994","791.16","850.71","910.26",""
"20/06/1994","791.50","851.07","910.65",""
"21/06/1994","791.83","851.43","911.03",""
"22/06/1994","792.16","851.79","911.41",""
"23/06/1994","792.50","852.15","911.80",""
"24/06/1994","792.83","852.50","912.18",""
"27/06/1994","793.16","852.86","912.56",""
"28/06/1994","793.50","853.22","912.95",""
"29/06/1994","793.83","853.58","913.33",""
"30/06/1994","794.16","853.94","913.72",""
"01/07/1994","794.50","854.30","914.10",""
"05/07/1994","794.83","854.66","914.49",""
"06/07/1994","795.16","855.02","914.87",""
"07/07/1994","795.50","855.38","915.26",""
"08/07/1994","795.84","855.74","915.64",""
"11/07/1994","796.17","856.10","916.03",""
"12/07/1994","796.51","856.46","916.41",""
"13/07/1994","796.84","856.82","916.80",""
"14/07/1994","797.18","857.18","917.18",""
"15/07/1994","797.51","857.54","917.57",""
"18/07/1994","797.85","857.90","917.96",""
"19/07/1994","798.19","858.26","918.34",""
"21/07/1994","798.52","858.62","918.73",""
"22/07/1994","798.86","858.99","919.12",""
"25/07/1994","799.19","859.35","919.50",""
"26/07/1994","799.53","859.71","919.89",""
"27/07/1994","799.87","860.07","920.28",""
"28/07/1994","800.20","860.43","920.66",""
"29/07/1994","800.54","860.80","921.05",""
"01/08/1994","800.88","861.16","921.44",""
"02/08/1994","801.21","861.52","921.83",""
"03/08/1994","801.55","861.88","922.21",""
"04/08/1994","801.89","862.25","922.60",""
"05/08/1994","802.23","862.61","922.99",""
"08/08/1994","802.56","862.97","923.38",""
"09/08/1994","802.90","863.33","923.77",""
"10/08/1994","803.24","863.70","924.16",""
"11/08/1994","803.58","864.06","924.55",""
"12/08/1994","803.92","864.43","924.94",""
"16/08/1994","804.25","864.79","925.32",""
"17/08/1994","804.59","865.15","925.71",""
"18/08/1994","804.93","865.52","926.10",""
"19/08/1994","805.27","865.88","926.49",""
"22/08/1994","805.61","866.25","926.88",""
"23/08/1994","805.95","866.61","927.27",""
"24/08/1994","806.29","866.98","927.66",""
"25/08/1994","806.63","867.34","928.05",""
"26/08/1994","806.97","867.71","928.44",""
"29/08/1994","807.31","868.07","928.84",""
"30/08/1994","807.65","868.44","929.23",""
"31/08/1994","807.99","868.80","929.62",""
"01/09/1994","808.33","869.17","930.01",""
"02/09/1994","808.67","869.53","930.40",""
"05/09/1994","809.01","869.90","930.79",""
"06/09/1994","809.35","870.26","931.18",""
"07/09/1994","809.69","870.63","931.58",""
"08/09/1994","810.03","871.00","931.97",""
"09/09/1994","810.37","871.36","932.36",""
"12/09/1994","810.71","871.73","932.75",""
"13/09/1994","811.05","872.10","933.14",""
"14/09/1994","811.39","872.47","933.54",""
"15/09/1994","811.73","872.83","933.93",""
"16/09/1994","812.08","873.20","934.32",""
"19/09/1994","812.42","873.57","934.72",""
"20/09/1994","812.76","873.93","935.11",""
"21/09/1994","813.10","874.30","935.50",""
"22/09/1994","813.44","874.67","935.90",""
"23/09/1994","813.79","875.04","936.29",""
"26/09/1994","814.13","875.41","936.69",""
"27/09/1994","814.47","875.78","937.08",""
"28/09/1994","814.81","876.14","937.47",""
"29/09/1994","815.16","876.51","937.87",""
"30/09/1994","815.50","876.88","938.26",""
"03/10/1994","815.84","877.25","938.66",""
"04/10/1994","816.19","877.62","939.05",""
"05/10/1994","816.53","877.99","939.45",""
"06/10/1994","816.87","878.36","939.84",""
"07/10/1994","817.22","878.73","940.24",""
"10/10/1994","817.56","879.10","940.64",""
"11/10/1994","817.91","879.47","941.03",""
"12/10/1994","818.25","879.84","941.43",""
"13/10/1994","818.59","880.21","941.82",""
"14/10/1994","818.94","880.58","942.22",""
"18/10/1994","819.28","880.95","942.62",""
"19/10/1994","819.63","881.32","943.01",""
"20/10/1994","819.97","881.69","943.41",""
"21/10/1994","820.32","882.06","943.81",""
"24/10/1994","820.66","882.43","944.20",""
"25/10/1994","821.01","882.81","944.60",""
"26/10/1994","821.35","883.18","945.00",""
"27/10/1994","821.70","883.55","945.40",""
"28/10/1994","822.05","883.92","945.80",""
"31/10/1994","822.39","884.29","946.19",""
"01/11/1994","822.74","884.67","946.59",""
"02/11/1994","823.08","885.04","946.99",""
"03/11/1994","823.43","885.41","947.39",""
"04/11/1994","823.78","885.78","947.79",""
"08/11/1994","824.12","886.16","948.19",""
"09/11/1994","824.47","886.53","948.59",""
"10/11/1994","824.82","886.90","948.98",""
"11/11/1994","825.17","887.27","949.38",""
"15/11/1994","825.51","887.65","949.78",""
"16/11/1994","825.86","888.02","950.18",""
"17/11/1994","826.21","888.40","950.58",""
"18/11/1994","826.56","888.77","950.98",""
"21/11/1994","826.90","889.14","951.38",""
"22/11/1994","827.25","889.52","951.78",""
"23/11/1994","827.60","889.89","952.18",""
"24/11/1994","827.95","890.27","952.59",""
"25/11/1994","828.30","890.64","952.99",""
"28/11/1994","828.65","891.02","953.39",""
"29/11/1994","828.99","891.39","953.79",""
"30/11/1994","829.34","891.77","954.19",""
"01/12/1994","829.69","892.14","954.59",""
"02/12/1994","830.04","892.52","954.99",""
"05/12/1994","830.39","892.89","955.40",""
"06/12/1994","830.74","893.27","955.80",""
"07/12/1994","831.09","893.64","956.20",""
"09/12/1994","831.44","894.02","956.60",""
"12/12/1994","773.56","831.79","890.02",""
"13/12/1994","773.98","832.23","890.49",""
"14/12/1994","774.39","832.67","890.96",""
"15/12/1994","774.80","833.12","891.43",""
"16/12/1994","775.21","833.56","891.91",""
"19/12/1994","775.62","834.00","892.38",""
"20/12/1994","776.03","834.44","892.86",""
"21/12/1994","776.45","834.89","893.33",""
"22/12/1994","776.86","835.33","893.80",""
"23/12/1994","777.27","835.77","894.28",""
"26/12/1994","777.68","836.22","894.75",""
"27/12/1994","778.10","836.66","895.23",""
"28/12/1994","778.51","837.11","895.70",""
"29/12/1994","778.92","837.55","896.18",""
"02/01/1995","779.26","837.92","896.57",""
"03/01/1995","779.67","838.36","897.04",""
"04/01/1995","780.08","838.80","897.51",""
"05/01/1995","780.49","839.24","897.98",""
"06/01/1995","780.90","839.68","898.46",""
"10/01/1995","781.31","840.12","898.93",""
"11/01/1995","781.72","840.56","899.40",""
"12/01/1995","782.13","841.00","899.87",""
"13/01/1995","782.54","841.44","900.34",""
"16/01/1995","782.95","841.88","900.81",""
"17/01/1995","783.36","842.32","901.29",""
"18/01/1995","783.77","842.77","901.76",""
"19/01/1995","784.18","843.21","902.23",""
"20/01/1995","784.60","843.65","902.71",""
"23/01/1995","785.01","844.09","903.18",""
"24/01/1995","785.42","844.54","903.65",""
"25/01/1995","785.83","844.98","904.13",""
"26/01/1995","786.24","845.42","904.60",""
"27/01/1995","786.65","845.87","905.08",""
"30/01/1995","787.07","846.31","905.55",""
"31/01/1995","787.48","846.75","906.03",""
"01/02/1995","787.89","847.20","906.50",""
"02/02/1995","788.31","847.64","906.98",""
"03/02/1995","788.72","848.09","907.45",""
"06/02/1995","789.13","848.53","907.93",""
"07/02/1995","789.55","848.98","908.40",""
"08/02/1995","789.96","849.42","908.88",""
"09/02/1995","790.38","849.87","909.36",""
"10/02/1995","790.79","850.31","909.83",""
"13/02/1995","791.21","850.76","910.31",""
"14/02/1995","791.62","851.20","910.79",""
"15/02/1995","792.04","851.65","911.27",""
"16/02/1995","792.45","852.10","911.74",""
"17/02/1995","792.87","852.55","912.22",""
"20/02/1995","793.28","852.99","912.70",""
"21/02/1995","793.70","853.44","913.18",""
"22/02/1995","794.12","853.89","913.66",""
"23/02/1995","794.53","854.34","914.14",""
"24/02/1995","794.95","854.78","914.62",""
"27/02/1995","795.37","855.23","915.10",""
"28/02/1995","795.78","855.68","915.58",""
"01/03/1995","796.20","856.13","916.06",""
"02/03/1995","796.62","856.58","916.54",""
"03/03/1995","797.04","857.03","917.02",""
"06/03/1995","797.45","857.48","917.50",""
"07/03/1995","797.87","857.93","917.98",""
"08/03/1995","798.29","858.38","918.46",""
"09/03/1995","798.71","858.83","918.94",""
"10/03/1995","799.13","859.28","919.43",""
"13/03/1995","799.55","859.73","919.91",""
"14/03/1995","799.97","860.18","920.39",""
"15/03/1995","800.39","860.63","920.87",""
"16/03/1995","800.81","861.08","921.36",""
"17/03/1995","801.23","861.53","921.84",""
"21/03/1995","801.65","861.99","922.32",""
"22/03/1995","802.07","862.44","922.81",""
"23/03/1995","802.49","862.89","923.29",""
"24/03/1995","802.91","863.34","923.78",""
"27/03/1995","803.33","863.80","924.26",""
"28/03/1995","803.75","864.25","924.75",""
"29/03/1995","804.17","864.70","925.23",""
"30/03/1995","804.59","865.16","925.72",""
"31/03/1995","805.02","865.61","926.20",""
"03/04/1995","805.44","866.06","926.69",""
"04/04/1995","805.86","866.52","927.17",""
"05/04/1995","806.28","866.97","927.66",""
"06/04/1995","806.71","867.43","928.15",""
"07/04/1995","807.13","867.88","928.63",""
"10/04/1995","807.55","868.34","929.12",""
"11/04/1995","807.98","868.79","929.61",""
"12/04/1995","808.40","869.25","930.10",""
"17/04/1995","808.82","869.70","930.58",""
"18/04/1995","809.25","870.16","931.07",""
"19/04/1995","809.67","870.62","931.56",""
"20/04/1995","810.10","871.07","932.05",""
"21/04/1995","810.52","871.53","932.54",""
"24/04/1995","810.95","871.99","933.03",""
"25/04/1995","811.37","872.44","933.52",""
"26/04/1995","811.80","872.90","934.01",""
"27/04/1995","812.22","873.36","934.50",""
"28/04/1995","812.65","873.82","934.99",""
"02/05/1995","813.08","874.28","935.48",""
"03/05/1995","813.50","874.73","935.97",""
"04/05/1995","813.93","875.19","936.46",""
"05/05/1995","814.36","875.65","936.95",""
"08/05/1995","814.78","876.11","937.44",""
"09/05/1995","815.21","876.57","937.93",""
"10/05/1995","815.64","877.03","938.42",""
"11/05/1995","816.07","877.49","938.92",""
"12/05/1995","816.50","877.95","939.41",""
"15/05/1995","816.92","878.41","939.90",""
"16/05/1995","817.35","878.87","940.39",""
"17/05/1995","817.78","879.33","940.89",""
"18/05/1995","818.21","879.80","941.38",""
"19/05/1995","818.64","880.26","941.87",""
"22/05/1995","819.07","880.72","942.37",""
"23/05/1995","819.50","881.18","942.86",""
"24/05/1995","819.93","881.64","943.36",""
"25/05/1995","820.36","882.10","943.85",""
"26/05/1995","820.79","882.57","944.35",""
"30/05/1995","821.22","883.03","944.84",""
"31/05/1995","821.65","883.49","945.34",""
"01/06/1995","822.08","883.96","945.83",""
"02/06/1995","822.51","884.42","946.33",""
"05/06/1995","822.94","884.88","946.83",""
"06/06/1995","823.37","885.35","947.32",""
"07/06/1995","823.81","885.81","947.82",""
"08/06/1995","824.24","886.28","948.32",""
"09/06/1995","824.67","886.74","948.81",""
"12/06/1995","825.10","887.21","949.31",""
"13/06/1995","825.54","887.67","949.81",""
"14/06/1995","825.97","888.14","950.31",""
"15/06/1995","826.40","888.60","950.81",""
"16/06/1995","826.84","889.07","951.31",""
"20/06/1995","827.27","889.54","951.80",""
"21/06/1995","827.70","890.00","952.30",""
"22/06/1995","828.14","890.47","952.80",""
"23/06/1995","828.57","890.94","953.30",""
"27/06/1995","829.01","891.40","953.80",""
"28/06/1995","829.44","891.87","954.30",""
"29/06/1995","829.88","892.34","954.80",""
"30/06/1995","830.31","892.81","955.30",""
"04/07/1995","830.75","893.28","955.81",""
"05/07/1995","831.18","893.75","956.31",""
"06/07/1995","831.62","894.21","956.81",""
"07/07/1995","832.06","894.68","957.31",""
"10/07/1995","832.49","895.15","957.81",""
"11/07/1995","832.93","895.62","958.32",""
"12/07/1995","833.37","896.09","958.82",""
"13/07/1995","833.80","896.56","959.32",""
"14/07/1995","834.24","897.03","959.82",""
"17/07/1995","834.68","897.50","960.33",""
"18/07/1995","835.11","897.97","960.83",""
"19/07/1995","835.55","898.44","961.34",""
"21/07/1995","835.99","898.92","961.84",""
"24/07/1995","836.43","899.39","962.34",""
"25/07/1995","836.87","899.86","962.85",""
"26/07/1995","837.31","900.33","963.35",""
"27/07/1995","837.75","900.80","963.86",""
"28/07/1995","838.19","901.28","964.36",""
"31/07/1995","838.63","901.75","964.87",""
"01/08/1995","839.07","902.22","965.38",""
"02/08/1995","839.51","902.69","965.88",""
"03/08/1995","839.95","903.17","966.39",""
"04/08/1995","840.39","903.64","966.90",""
"08/08/1995","840.83","904.12","967.40",""
"09/08/1995","841.27","904.59","967.91",""
"10/08/1995","841.71","905.06","968.42",""
"11/08/1995","842.15","905.54","968.93",""
"14/08/1995","842.59","906.01","969.43",""
"15/08/1995","843.03","906.49","969.94",""
"16/08/1995","843.48","906.96","970.45",""
"17/08/1995","843.92","907.44","970.96",""
"18/08/1995","844.36","907.92","971.47",""
"22/08/1995","844.80","908.39","971.98",""
"23/08/1995","845.25","908.87","972.49",""
"24/08/1995","845.69","909.35","973.00",""
"25/08/1995","846.14","909.82","973.51",""
"28/08/1995","846.58","910.30","974.02",""
"29/08/1995","847.02","910.78","974.53",""
"30/08/1995","847.47","911.26","975.04",""
"31/08/1995","847.91","911.73","975.55",""
"01/09/1995","848.36","912.21","976.07",""
"04/09/1995","848.80","912.69","976.58",""
"05/09/1995","849.25","913.17","977.09",""
"06/09/1995","849.69","913.65","977.60",""
"07/09/1995","850.14","914.13","978.12",""
"08/09/1995","850.58","914.61","978.63",""
"11/09/1995","851.03","915.09","979.14",""
"12/09/1995","851.48","915.57","979.66",""
"13/09/1995","851.92","916.05","980.17",""
"14/09/1995","852.37","916.53","980.68",""
"15/09/1995","852.82","917.01","981.20",""
"18/09/1995","853.26","917.49","981.71",""
"19/09/1995","853.71","917.97","982.23",""
"20/09/1995","854.16","918.45","982.74",""
"21/09/1995","854.61","918.93","983.26",""
"22/09/1995","855.06","919.41","983.77",""
"25/09/1995","855.50","919.90","984.29",""
"26/09/1995","855.95","920.38","984.81",""
"27/09/1995","856.40","920.86","985.32",""
"28/09/1995","856.85","921.35","985.84",""
"29/09/1995","857.30","921.83","986.36",""
"02/10/1995","857.75","922.31","986.87",""
"03/10/1995","858.20","922.80","987.39",""
"04/10/1995","858.65","923.28","987.91",""
"05/10/1995","859.10","923.76","988.43",""
"06/10/1995","859.55","924.25","988.95",""
"09/10/1995","860.00","924.73","989.46",""
"10/10/1995","860.45","925.22","989.98",""
"11/10/1995","860.90","925.70","990.50",""
"12/10/1995","861.36","926.19","991.02",""
"13/10/1995","861.81","926.68","991.54",""
"17/10/1995","862.26","927.16","992.06",""
"18/10/1995","862.71","927.65","992.58",""
"19/10/1995","863.16","928.13","993.10",""
"20/10/1995","863.62","928.62","993.62",""
"23/10/1995","864.07","929.11","994.15",""
"24/10/1995","864.52","929.60","994.67",""
"25/10/1995","864.98","930.08","995.19",""
"26/10/1995","865.43","930.57","995.71",""
"27/10/1995","865.88","931.06","996.23",""
"30/10/1995","866.34","931.55","996.76",""
"31/10/1995","866.79","932.04","997.28",""
"01/11/1995","867.25","932.52","997.80",""
"02/11/1995","867.70","933.01","998.32",""
"03/11/1995","868.16","933.50","998.85",""
"07/11/1995","868.61","933.99","999.37",""
"08/11/1995","869.07","934.48","999.90",""
"09/11/1995","869.52","934.97","1000.42",""
"10/11/1995","869.98","935.46","1000.95",""
"14/11/1995","870.44","935.95","1001.47",""
"15/11/1995","870.89","936.44","1002.00",""
"16/11/1995","871.35","936.94","1002.52",""
"17/11/1995","871.81","937.43","1003.05",""
"20/11/1995","872.26","937.92","1003.57",""
"21/11/1995","872.72","938.41","1004.10",""
"22/11/1995","873.18","938.90","1004.63",""
"23/11/1995","873.64","939.40","1005.15",""
"24/11/1995","874.10","939.89","1005.68",""
"27/11/1995","874.55","940.38","1006.21",""
"28/11/1995","875.01","940.87","1006.74",""
"29/11/1995","875.47","941.37","1007.26",""
"30/11/1995","875.93","941.86","1007.79",""
"01/12/1995","876.39","942.36","1008.32",""
"04/12/1995","876.85","942.85","1008.85",""
"05/12/1995","877.31","943.35","1009.38",""
"06/12/1995","877.77","943.84","1009.91",""
"07/12/1995","878.23","944.33","1010.44",""
"11/12/1995","878.69","944.83","1010.97",""
"12/12/1995","879.15","945.33","1011.50",""
"13/12/1995","879.61","945.82","1012.03",""
"14/12/1995","880.08","946.32","1012.56",""
"15/12/1995","880.54","946.81","1013.09",""
"18/12/1995","881.00","947.31","1013.62",""
"19/12/1995","881.46","947.81","1014.15",""
"20/12/1995","881.92","948.30","1014.69",""
"21/12/1995","882.39","948.80","1015.22",""
"22/12/1995","882.85","949.30","1015.75",""
"26/12/1995","883.31","949.80","1016.28",""
"27/12/1995","883.78","950.30","1016.82",""
"28/12/1995","884.24","950.79","1017.35",""
"29/12/1995","884.70","950.79","1017.88",""
"02/01/1996","885.16","951.78","1018.41",""
"03/01/1996","885.62","952.28","1018.94",""
"04/01/1996","886.08","952.78","1019.47",""
"05/01/1996","886.54","953.27","1020.00",""
"09/01/1996","887.00","953.77","1020.53",""
"10/01/1996","887.46","954.26","1021.06",""
"11/01/1996","887.93","954.76","1021.59",""
"12/01/1996","888.39","955.26","1022.12",""
"15/01/1996","888.85","955.75","1022.66",""
"16/01/1996","889.31","956.25","1023.19",""
"17/01/1996","889.78","956.75","1023.72",""
"18/01/1996","890.24","957.25","1024.25",""
"19/01/1996","890.70","957.74","1024.79",""
"22/01/1996","891.17","958.24","1025.32",""
"23/01/1996","891.63","958.74","1025.85",""
"24/01/1996","892.09","959.24","1026.39",""
"25/01/1996","892.56","959.74","1026.92",""
"26/01/1996","893.02","960.24","1027.45",""
"29/01/1996","893.49","960.74","1027.99",""
"30/01/1996","893.95","961.24","1028.52",""
"31/01/1996","894.42","961.74","1029.06",""
"01/02/1996","894.88","962.24","1029.59",""
"02/02/1996","895.35","962.74","1030.13",""
"05/02/1996","895.81","963.24","1030.67",""
"06/02/1996","896.28","963.74","1031.20",""
"07/02/1996","896.74","964.24","1031.74",""
"08/02/1996","897.21","964.74","1032.28",""
"09/02/1996","897.68","965.24","1032.81",""
"12/02/1996","898.14","965.75","1033.35",""
"13/02/1996","898.61","966.25","1033.89",""
"14/02/1996","899.08","966.75","1034.42",""
"15/02/1996","899.55","967.26","1034.96",""
"16/02/1996","900.02","967.76","1035.50",""
"19/02/1996","900.48","968.26","1036.04",""
"20/02/1996","900.95","968.77","1036.58",""
"21/02/1996","901.42","969.27","1037.12",""
"22/02/1996","901.89","969.77","1037.66",""
"23/02/1996","902.36","970.28","1038.20",""
"26/02/1996","902.83","970.78","1038.74",""
"27/02/1996","903.30","971.29","1039.28",""
"28/02/1996","903.77","971.79","1039.82",""
"29/02/1996","904.24","972.30","1040.36",""
"01/03/1996","904.71","972.80","1040.90",""
"04/03/1996","905.18","973.31","1041.44",""
"05/03/1996","905.65","973.82","1041.98",""
"06/03/1996","906.12","974.32","1042.53",""
"07/03/1996","906.59","974.83","1043.07",""
"08/03/1996","907.06","975.34","1043.61",""
"11/03/1996","907.54","975.85","1044.15",""
"12/03/1996","908.01","976.35","1044.70",""
"13/03/1996","908.48","976.86","1045.24",""
"14/03/1996","908.95","977.37","1045.78",""
"15/03/1996","909.43","977.88","1046.33",""
"18/03/1996","909.90","978.39","1046.87",""
"19/03/1996","910.37","978.90","1047.42",""
"20/03/1996","910.85","979.40","1047.96",""
"21/03/1996","911.32","979.91","1048.51",""
"22/03/1996","911.79","980.42","1049.05",""
"26/03/1996","912.27","980.93","1049.60",""
"27/03/1996","912.74","981.44","1050.15",""
"28/03/1996","913.22","981.95","1050.69",""
"29/03/1996","913.69","982.47","1051.24",""
"01/04/1996","914.17","982.98","1051.79",""
"02/04/1996","914.64","983.49","1052.33",""
"03/04/1996","915.12","984.00","1052.88",""
"08/04/1996","915.60","984.51","1053.43",""
"09/04/1996","916.07","985.02","1053.98",""
"10/04/1996","916.55","985.54","1054.52",""
"11/04/1996","917.03","986.05","1055.07",""
"12/04/1996","917.50","986.56","1055.62",""
"15/04/1996","917.98","987.08","1056.17",""
"16/04/1996","918.46","987.59","1056.72",""
"17/04/1996","918.94","988.10","1057.27",""
"18/04/1996","919.41","988.62","1057.82",""
"19/04/1996","919.89","989.13","1058.37",""
"22/04/1996","920.37","989.65","1058.92",""
"23/04/1996","920.85","990.16","1059.47",""
"24/04/1996","921.33","990.68","1060.02",""
"25/04/1996","921.81","991.19","1060.57",""
"26/04/1996","922.29","991.71","1061.13",""
"29/04/1996","922.77","992.22","1061.68",""
"30/04/1996","923.25","992.74","1062.23",""
"02/05/1996","923.73","993.26","1062.78",""
"03/05/1996","924.21","993.77","1063.34",""
"06/05/1996","924.69","994.29","1063.89",""
"07/05/1996","925.17","994.81","1064.44",""
"08/05/1996","925.65","995.32","1065.00",""
"09/05/1996","926.13","995.84","1065.55",""
"10/05/1996","926.61","996.36","1066.10",""
"13/05/1996","927.10","996.88","1066.66",""
"14/05/1996","927.58","997.40","1067.21",""
"15/05/1996","928.06","997.92","1067.77",""
"16/05/1996","928.54","998.43","1068.32",""
"17/05/1996","929.03","998.95","1068.88",""
"21/05/1996","929.51","999.47","1069.44",""
"22/05/1996","929.99","999.99","1069.99",""
"23/05/1996","930.48","1000.51","1070.55",""
"24/05/1996","930.96","1001.03","1071.11",""
"27/05/1996","931.45","1001.56","1071.66",""
"28/05/1996","931.93","1002.08","1072.22",""
"29/05/1996","932.42","1002.60","1072.78",""
"30/05/1996","932.90","1003.12","1073.34",""
"31/05/1996","933.39","1003.64","1073.90",""
"03/06/1996","934.36","1004.68","1075.01",""
"04/06/1996","934.68","1005.03","1075.39",""
"05/06/1996","935.00","1005.38","1075.76",""
"06/06/1996","935.33","1005.73","1076.13",""
"07/06/1996","935.65","1006.08","1076.50",""
"11/06/1996","936.95","1007.48","1078.00",""
"12/06/1996","937.28","1007.82","1078.37",""
"13/06/1996","937.60","1008.17","1078.75",""
"14/06/1996","937.93","1008.52","1079.12",""
"18/06/1996","939.23","1009.92","1080.62",""
"19/06/1996","939.55","1010.27","1080.99",""
"20/06/1996","939.88","1010.62","1081.37",""
"21/06/1996","940.21","1010.97","1081.74",""
"24/06/1996","941.18","1012.03","1082.87",""
"25/06/1996","941.51","1012.38","1083.24",""
"26/06/1996","941.84","1012.73","1083.62",""
"27/06/1996","942.16","1013.08","1084.00",""
"28/06/1996","942.49","1013.43","1084.37",""
"02/07/1996","943.80","1014.84","1085.88",""
"03/07/1996","944.13","1015.19","1086.25",""
"04/07/1996","944.45","1015.54","1086.63",""
"05/07/1996","944.78","1015.89","1087.01",""
"08/07/1996","945.76","1016.95","1088.14",""
"09/07/1996","946.09","1017.30","1088.52",""
"10/07/1996","946.42","1017.66","1088.89",""
"11/07/1996","946.75","1018.01","1089.27",""
"12/07/1996","947.08","1018.36","1089.65",""
"15/07/1996","948.06","1019.42","1090.78",""
"16/07/1996","948.39","1019.78","1091.16",""
"17/07/1996","948.72","1020.13","1091.54",""
"18/07/1996","949.05","1020.48","1091.92",""
"19/07/1996","949.38","1020.84","1092.30",""
"22/07/1996","950.37","1021.90","1093.43",""
"23/07/1996","950.70","1022.25","1093.81",""
"24/07/1996","951.03","1022.61","1094.19",""
"25/07/1996","951.36","1022.96","1094.57",""
"26/07/1996","951.69","1023.32","1094.95",""
"29/07/1996","952.68","1024.38","1096.09",""
"30/07/1996","953.01","1024.74","1096.47",""
"31/07/1996","953.34","1025.09","1096.85",""
"01/08/1996","953.67","1025.45","1097.23",""
"02/08/1996","954.00","1025.81","1097.61",""
"05/08/1996","954.99","1026.87","1098.75",""
"06/08/1996","955.32","1027.23","1099.14",""
"08/08/1996","955.99","1027.94","1099.90",""
"09/08/1996","956.32","1028.30","1100.28",""
"12/08/1996","957.31","1029.37","1101.42",""
"13/08/1996","957.64","1029.73","1101.81",""
"14/08/1996","957.98","1030.08","1102.19",""
"15/08/1996","958.31","1030.44","1102.57",""
"16/08/1996","958.64","1030.80","1102.95",""
"20/08/1996","959.97","1032.23","1104.48",""
"21/08/1996","960.30","1032.59","1104.87",""
"22/08/1996","960.64","1032.94","1105.25",""
"23/08/1996","960.97","1033.30","1105.63",""
"26/08/1996","961.97","1034.38","1106.78",""
"27/08/1996","962.30","1034.74","1107.17",""
"28/08/1996","962.64","1035.09","1107.55",""
"29/08/1996","962.97","1035.45","1107.94",""
"30/08/1996","963.31","1035.81","1108.32",""
"02/09/1996","964.31","1036.89","1109.47",""
"03/09/1996","964.64","1037.25","1109.86",""
"04/09/1996","964.98","1037.61","1110.24",""
"05/09/1996","965.31","1037.97","1110.63",""
"06/09/1996","965.65","1038.33","1111.01",""
"09/09/1996","966.65","1039.41","1112.17",""
"10/09/1996","966.99","1039.77","1112.56",""
"11/09/1996","967.32","1040.13","1112.94",""
"12/09/1996","967.66","1040.49","1113.33",""
"13/09/1996","967.99","1040.85","1113.71",""
"16/09/1996","969.00","1041.94","1114.87",""
"17/09/1996","969.34","1042.30","1115.26",""
"18/09/1996","969.67","1042.66","1115.65",""
"19/09/1996","970.01","1043.02","1116.03",""
"20/09/1996","970.35","1043.38","1116.42",""
"23/09/1996","971.36","1044.47","1117.58",""
"24/09/1996","971.69","1044.83","1117.97",""
"25/09/1996","972.03","1045.19","1118.36",""
"26/09/1996","972.37","1045.56","1118.74",""
"27/09/1996","972.70","1045.92","1119.13",""
"30/09/1996","973.72","1047.01","1120.30",""
"01/10/1996","974.05","1047.37","1120.69",""
"02/10/1996","974.39","1047.73","1121.07",""
"03/10/1996","974.73","1048.10","1121.46",""
"04/10/1996","975.07","1048.46","1121.85",""
"07/10/1996","976.08","1049.55","1123.02",""
"08/10/1996","976.42","1049.92","1123.41",""
"09/10/1996","976.76","1050.28","1123.80",""
"10/10/1996","977.10","1050.64","1124.19",""
"11/10/1996","977.44","1051.01","1124.58",""
"15/10/1996","978.79","1052.47","1126.14",""
"16/10/1996","979.13","1052.83","1126.53",""
"17/10/1996","979.47","1053.20","1126.92",""
"18/10/1996","979.81","1053.56","1127.31",""
"21/10/1996","980.83","1054.66","1128.48",""
"22/10/1996","981.17","1055.02","1128.88",""
"23/10/1996","981.51","1055.39","1129.27",""
"24/10/1996","981.85","1055.76","1129.66",""
"25/10/1996","982.19","1056.12","1130.05",""
"28/10/1996","983.22","1057.22","1131.23",""
"29/10/1996","983.56","1057.59","1131.62",""
"30/10/1996","983.90","1057.95","1132.01",""
"31/10/1996","984.24","1058.32","1132.40",""
"01/11/1996","984.58","1058.69","1132.80",""
"05/11/1996","985.95","1060.16","1134.37",""
"06/11/1996","986.29","1060.53","1134.76",""
"07/11/1996","986.63","1060.89","1135.16",""
"08/11/1996","986.97","1061.26","1135.55",""
"12/11/1996","988.34","1062.73","1137.13",""
"13/11/1996","988.69","1063.10","1137.52",""
"14/11/1996","989.03","1063.47","1137.91",""
"15/11/1996","989.37","1063.84","1138.31",""
"18/11/1996","990.40","1064.95","1139.49",""
"19/11/1996","990.74","1065.32","1139.89",""
"20/11/1996","991.09","1065.69","1140.28",""
"21/11/1996","991.43","1066.06","1140.68",""
"22/11/1996","991.78","1066.43","1141.08",""
"25/11/1996","992.81","1067.54","1142.26",""
"26/11/1996","993.15","1067.91","1142.66",""
"27/11/1996","993.50","1068.28","1143.06",""
"28/11/1996","993.84","1068.65","1143.45",""
"29/11/1996","994.19","1069.02","1143.85",""
"02/12/1996","995.22","1070.13","1145.04",""
"03/12/1996","995.57","1070.50","1145.44",""
"04/12/1996","995.91","1070.87","1145.83",""
"05/12/1996","996.26","1071.24","1146.23",""
"06/12/1996","996.60","1071.62","1146.63",""
"09/12/1996","997.64","1072.73","1147.82",""
"10/12/1996","997.99","1073.10","1148.22",""
"11/12/1996","998.33","1073.47","1148.62",""
"12/12/1996","998.68","1073.85","1149.02",""
"13/12/1996","999.02","1074.22","1149.41",""
"16/12/1996","1000.06","1075.34","1150.61",""
"17/12/1996","1000.41","1075.71","1151.01",""
"18/12/1996","1000.76","1076.08","1151.41",""
"19/12/1996","1001.10","1076.46","1151.81",""
"20/12/1996","1001.45","1076.83","1152.21",""
"23/12/1996","1002.49","1077.95","1153.41",""
"24/12/1996","1002.84","1079.07","1153.81",""
"26/12/1996","1003.54","1079.45","1154.61",""
"27/12/1996","1003.89","1080.57","1155.01",""
"30/12/1996","1004.93","1080.94","1156.21",""
"31/12/1996","1005.28","1080.94","1156.61",""
"02/01/1997","1006.09","1081.81","1157.54",""
"03/01/1997","1006.47","1082.23","1157.98",""
"07/01/1997","1008.01","1083.89","1159.76",""
"08/01/1997","1008.40","1084.30","1160.20",""
"09/01/1997","1008.79","1084.72","1160.65",""
"10/01/1997","1009.17","1085.13","1161.09",""
"13/01/1997","1010.33","1086.38","1162.42",""
"14/01/1997","1010.72","1086.79","1162.87",""
"15/01/1997","1011.11","1087.21","1163.32",""
"16/01/1997","1011.49","1087.63","1163.76",""
"17/01/1997","1011.88","1088.04","1164.21",""
"20/01/1997","1013.04","1089.29","1165.54",""
"21/01/1997","1013.43","1089.71","1165.99",""
"22/01/1997","1013.82","1090.13","1166.44",""
"23/01/1997","1014.21","1090.55","1166.88",""
"24/01/1997","1014.60","1090.96","1167.33",""
"27/01/1997","1015.76","1092.22","1168.67",""
"28/01/1997","1016.15","1092.64","1169.12",""
"29/01/1997","1016.54","1093.05","1169.57",""
"30/01/1997","1016.93","1093.47","1170.02",""
"31/01/1997","1017.32","1093.89","1170.46",""
"03/02/1997","1018.49","1095.15","1171.81",""
"04/02/1997","1018.88","1095.57","1172.26",""
"05/02/1997","1019.27","1095.99","1172.71",""
"06/02/1997","1019.66","1096.41","1173.16",""
"07/02/1997","1020.05","1096.83","1173.61",""
"10/02/1997","1021.22","1098.09","1174.95",""
"11/02/1997","1021.61","1098.51","1175.40",""
"12/02/1997","1022.00","1098.93","1175.85",""
"13/02/1997","1022.40","1099.35","1176.31",""
"14/02/1997","1022.79","1099.77","1176.76",""
"17/02/1997","1023.96","1101.04","1178.11",""
"18/02/1997","1024.36","1101.46","1178.56",""
"19/02/1997","1024.75","1101.88","1179.01",""
"20/02/1997","1025.14","1102.30","1179.46",""
"21/02/1997","1025.53","1102.72","1179.91",""
"24/02/1997","1026.71","1103.99","1181.27",""
"25/02/1997","1027.10","1104.41","1181.72",""
"26/02/1997","1027.50","1104.84","1182.18",""
"27/02/1997","1027.89","1105.26","1182.63",""
"28/02/1997","1028.29","1105.68","1183.08",""
"03/03/1997","1029.47","1106.95","1184.44",""
"04/03/1997","1029.86","1107.38","1184.89",""
"05/03/1997","1030.26","1107.80","1185.35",""
"06/03/1997","1030.65","1108.23","1185.80",""
"07/03/1997","1031.05","1108.65","1186.26",""
"10/03/1997","1032.23","1109.92","1187.62",""
"11/03/1997","1032.63","1110.35","1188.07",""
"12/03/1997","1033.02","1110.78","1188.53",""
"13/03/1997","1033.42","1111.20","1188.98",""
"14/03/1997","1033.81","1111.63","1189.44",""
"17/03/1997","1035.00","1112.90","1190.81",""
"18/03/1997","1035.40","1113.33","1191.26",""
"19/03/1997","1035.79","1113.76","1191.72",""
"20/03/1997","1036.19","1114.18","1192.18",""
"21/03/1997","1036.59","1114.61","1192.63",""
"25/03/1997","1038.18","1116.32","1194.46",""
"26/03/1997","1038.57","1116.75","1194.92",""
"31/03/1997","1040.56","1118.89","1197.21",""
"01/04/1997","1040.96","1119.31","1197.67",""
"02/04/1997","1041.36","1119.74","1198.13",""
"03/04/1997","1041.76","1120.17","1198.58",""
"04/04/1997","1042.16","1120.60","1199.04",""
"07/04/1997","1043.36","1121.89","1200.42",""
"08/04/1997","1043.76","1122.32","1200.88",""
"09/04/1997","1044.16","1122.75","1201.34",""
"10/04/1997","1044.56","1123.18","1201.80",""
"11/04/1997","1044.96","1123.61","1202.26",""
"14/04/1997","1046.16","1124.90","1203.64",""
"15/04/1997","1046.56","1125.33","1204.10",""
"16/04/1997","1046.96","1125.76","1204.57",""
"17/04/1997","1047.36","1126.19","1205.03",""
"18/04/1997","1047.76","1126.62","1205.49",""
"21/04/1997","1048.96","1127.92","1206.87",""
"22/04/1997","1049.37","1128.35","1207.34",""
"23/04/1997","1049.77","1128.78","1207.80",""
"24/04/1997","1050.17","1129.22","1208.26",""
"25/04/1997","1050.57","1129.65","1208.72",""
"28/04/1997","1051.78","1130.95","1210.11",""
"29/04/1997","1052.18","1131.38","1210.58",""
"30/04/1997","1052.59","1131.81","1211.04",""
"02/05/1997","1053.39","1132.68","1211.97",""
"05/05/1997","1054.60","1133.98","1213.36",""
"06/05/1997","1055.01","1134.42","1213.83",""
"07/05/1997","1055.41","1134.85","1214.29",""
"08/05/1997","1055.82","1135.29","1214.76",""
"09/05/1997","1056.22","1135.72","1215.22",""
"13/05/1997","1057.84","1137.46","1217.08",""
"14/05/1997","1058.24","1137.90","1217.55",""
"15/05/1997","1058.65","1138.33","1218.02",""
"16/05/1997","1059.05","1138.77","1218.48",""
"19/05/1997","1060.27","1140.08","1219.88",""
"20/05/1997","1060.68","1140.51","1220.35",""
"21/05/1997","1061.08","1140.95","1220.82",""
"22/05/1997","1061.49","1141.39","1221.28",""
"23/05/1997","1061.90","1141.82","1221.75",""
"26/05/1997","1063.12","1143.14","1223.16",""
"27/05/1997","1063.52","1143.57","1223.63",""
"28/05/1997","1063.93","1144.01","1224.09",""
"29/05/1997","1064.34","1144.45","1224.56",""
"30/05/1997","1064.75","1144.89","1225.03",""
"03/06/1997","1066.38","1146.64","1226.91",""
"04/06/1997","1066.79","1147.08","1227.38",""
"05/06/1997","1067.20","1147.52","1227.85",""
"06/06/1997","1067.60","1147.96","1228.32",""
"10/06/1997","1069.24","1149.72","1230.20",""
"11/06/1997","1069.65","1150.16","1230.67",""
"12/06/1997","1070.06","1150.60","1231.14",""
"13/06/1997","1070.47","1151.04","1231.62",""
"16/06/1997","1071.70","1152.37","1233.03",""
"17/06/1997","1072.11","1152.81","1233.50",""
"18/06/1997","1072.52","1153.25","1233.98",""
"19/06/1997","1072.93","1153.69","1234.45",""
"20/06/1997","1073.34","1154.13","1234.92",""
"23/06/1997","1074.58","1155.46","1236.34",""
"24/06/1997","1074.99","1155.90","1236.81",""
"25/06/1997","1075.40","1156.34","1237.29",""
"26/06/1997","1075.81","1156.79","1237.76",""
"27/06/1997","1076.22","1157.23","1238.24",""
"01/07/1997","1077.87","1159.00","1240.13",""
"02/07/1997","1078.29","1159.45","1240.61",""
"03/07/1997","1078.70","1159.89","1241.08",""
"04/07/1997","1079.11","1160.34","1241.56",""
"07/07/1997","1080.35","1161.67","1242.99",""
"08/07/1997","1080.77","1162.11","1243.46",""
"09/07/1997","1081.18","1162.56","1243.94",""
"10/07/1997","1081.59","1163.01","1244.42",""
"11/07/1997","1082.01","1163.45","1244.89",""
"14/07/1997","1083.25","1164.79","1246.32",""
"15/07/1997","1083.67","1165.23","1246.80",""
"16/07/1997","1084.08","1165.68","1247.28",""
"17/07/1997","1084.50","1166.13","1247.76",""
"18/07/1997","1084.91","1166.57","1248.23",""
"21/07/1997","1086.16","1167.91","1249.67",""
"22/07/1997","1086.58","1168.36","1250.15",""
"23/07/1997","1086.99","1168.81","1250.63",""
"24/07/1997","1087.41","1169.26","1251.10",""
"25/07/1997","1087.82","1169.70","1251.58",""
"28/07/1997","1089.08","1171.05","1253.02",""
"29/07/1997","1089.49","1171.50","1253.50",""
"30/07/1997","1089.91","1171.95","1253.98",""
"31/07/1997","1090.33","1172.39","1254.46",""
"01/08/1997","1090.74","1172.84","1254.94",""
"04/08/1997","1092.00","1174.19","1256.39",""
"05/08/1997","1092.42","1174.64","1256.87",""
"06/08/1997","1092.83","1175.09","1257.35",""
"08/08/1997","1093.67","1175.99","1258.31",""
"11/08/1997","1094.93","1177.34","1259.76",""
"12/08/1997","1095.35","1177.79","1260.24",""
"13/08/1997","1095.77","1178.25","1260.72",""
"14/08/1997","1096.19","1178.70","1261.21",""
"15/08/1997","1096.61","1179.15","1261.69",""
"19/08/1997","1098.29","1180.96","1263.62",""
"20/08/1997","1098.71","1181.41","1264.11",""
"21/08/1997","1099.13","1181.86","1264.59",""
"22/08/1997","1099.55","1182.31","1265.07",""
"25/08/1997","1100.81","1183.67","1266.53",""
"26/08/1997","1101.24","1184.12","1267.01",""
"27/08/1997","1101.66","1184.58","1267.50",""
"28/08/1997","1102.08","1185.03","1267.98",""
"29/08/1997","1102.50","1185.49","1268.47",""
"01/09/1997","1103.77","1186.85","1269.93",""
"02/09/1997","1104.19","1187.30","1270.41",""
"03/09/1997","1104.61","1187.76","1270.90",""
"04/09/1997","1105.04","1188.21","1271.39",""
"05/09/1997","1105.46","1188.67","1271.87",""
"08/09/1997","1106.73","1190.03","1273.34",""
"09/09/1997","1107.16","1190.49","1273.82",""
"10/09/1997","1107.58","1190.95","1274.31",""
"11/09/1997","1108.00","1191.40","1274.80",""
"12/09/1997","1108.43","1191.86","1275.29",""
"15/09/1997","1109.70","1193.23","1276.75",""
"16/09/1997","1110.13","1193.68","1277.24",""
"17/09/1997","1110.55","1194.14","1277.73",""
"18/09/1997","1110.98","1194.60","1278.22",""
"19/09/1997","1111.40","1195.06","1278.71",""
"22/09/1997","1112.68","1196.43","1280.18",""
"23/09/1997","1113.11","1196.89","1280.67",""
"24/09/1997","1113.53","1197.35","1281.16",""
"25/09/1997","1113.96","1197.81","1281.65",""
"26/09/1997","1114.39","1198.26","1282.14",""
"29/09/1997","1115.67","1199.64","1283.62",""
"30/09/1997","1116.09","1200.10","1284.11",""
"01/10/1997","1116.52","1200.56","1284.60",""
"02/10/1997","1116.95","1201.02","1285.09",""
"03/10/1997","1117.38","1201.48","1285.58",""
"06/10/1997","1118.66","1202.86","1287.06",""
"07/10/1997","1119.09","1203.32","1287.55",""
"08/10/1997","1119.52","1203.78","1288.05",""
"09/10/1997","1119.95","1204.24","1288.54",""
"10/10/1997","1120.38","1204.71","1289.03",""
"14/10/1997","1122.09","1206.55","1291.01",""
"15/10/1997","1122.52","1207.01","1291.50",""
"16/10/1997","1122.95","1207.48","1292.00",""
"17/10/1997","1123.38","1207.94","1292.49",""
"20/10/1997","1124.67","1209.33","1293.98",""
"21/10/1997","1125.10","1209.79","1294.48",""
"22/10/1997","1125.54","1210.25","1294.97",""
"23/10/1997","1125.97","1210.72","1295.47",""
"24/10/1997","1126.40","1211.18","1295.96",""
"27/10/1997","1127.69","1212.57","1297.45",""
"28/10/1997","1128.12","1213.04","1297.95",""
"29/10/1997","1128.56","1213.50","1298.45",""
"30/10/1997","1128.99","1213.97","1298.94",""
"31/10/1997","1129.42","1214.43","1299.44",""
"04/11/1997","1131.15","1216.29","1301.43",""
"05/11/1997","1131.59","1216.76","1301.93",""
"06/11/1997","1132.02","1217.22","1302.43",""
"07/11/1997","1132.45","1217.69","1302.93",""
"10/11/1997","1133.75","1219.09","1304.43",""
"11/11/1997","1134.19","1219.56","1304.93",""
"12/11/1997","1134.62","1220.02","1305.43",""
"13/11/1997","1135.06","1220.49","1305.93",""
"14/11/1997","1135.49","1220.96","1306.43",""
"18/11/1997","1137.23","1222.83","1308.43",""
"19/11/1997","1137.67","1223.30","1308.93",""
"20/11/1997","1138.10","1223.77","1309.43",""
"21/11/1997","1138.54","1224.24","1309.93",""
"24/11/1997","1139.85","1225.64","1311.44",""
"25/11/1997","1140.28","1226.11","1311.94",""
"26/11/1997","1140.72","1226.58","1312.44",""
"27/11/1997","1141.16","1227.05","1312.95",""
"28/11/1997","1141.60","1227.52","1313.45",""
"01/12/1997","1142.91","1228.93","1314.96",""
"02/12/1997","1143.35","1229.40","1315.46",""
"03/12/1997","1143.78","1229.87","1315.97",""
"04/12/1997","1144.22","1230.35","1316.47",""
"05/12/1997","1144.66","1230.82","1316.97",""
"09/12/1997","1146.41","1232.70","1318.99",""
"10/12/1997","1146.85","1233.18","1319.50",""
"11/12/1997","1147.29","1233.65","1320.00",""
"12/12/1997","1147.73","1234.12","1320.51",""
"15/12/1997","1149.05","1235.54","1322.03",""
"16/12/1997","1149.49","1236.01","1322.53",""
"17/12/1997","1149.93","1236.49","1323.04",""
"18/12/1997","1150.37","1236.96","1323.55",""
"19/12/1997","1150.81","1237.43","1324.05",""
"22/12/1997","1152.13","1238.85","1325.57",""
"23/12/1997","1152.58","1239.33","1326.08",""
"26/12/1997","1153.02","1239.80","1326.59",""
"29/12/1997","1153.90","1240.75","1327.61",""
"30/12/1997","1155.23","1242.18","1329.13",""
"02/01/1998","1156.84","1243.91","1330.98",""
"05/01/1998","1158.00","1245.16","1332.32",""
"06/01/1998","1158.39","1245.58","1332.77",""
"07/01/1998","1158.77","1245.99","1333.21",""
"08/01/1998","1159.16","1246.41","1333.66",""
"09/01/1998","1159.55","1246.83","1334.11",""
"13/01/1998","1161.10","1248.50","1335.89",""
"14/01/1998","1161.49","1248.92","1336.34",""
"15/01/1998","1161.88","1249.34","1336.79",""
"16/01/1998","1162.27","1249.75","1337.24",""
"19/01/1998","1163.44","1251.01","1338.58",""
"20/01/1998","1163.83","1251.43","1339.03",""
"21/01/1998","1164.22","1251.85","1339.48",""
"22/01/1998","1164.61","1252.27","1339.93",""
"23/01/1998","1165.00","1252.69","1340.37",""
"26/01/1998","1166.17","1253.95","1341.72",""
"27/01/1998","1166.56","1254.37","1342.17",""
"28/01/1998","1166.95","1254.79","1342.62",""
"29/01/1998","1167.34","1255.21","1343.07",""
"30/01/1998","1167.73","1255.63","1343.52",""
"02/02/1998","1168.91","1256.89","1344.87",""
"03/02/1998","1169.30","1257.31","1345.32",""
"04/02/1998","1169.69","1257.73","1345.77",""
"05/02/1998","1170.08","1258.15","1346.22",""
"06/02/1998","1170.47","1258.57","1346.67",""
"09/02/1998","1171.65","1259.84","1348.03",""
"10/02/1998","1172.04","1260.26","1348.48",""
"11/02/1998","1172.43","1260.68","1348.93",""
"12/02/1998","1172.83","1261.10","1349.38",""
"13/02/1998","1173.22","1261.53","1349.83",""
"16/02/1998","1174.40","1262.79","1351.19",""
"17/02/1998","1174.79","1263.22","1351.64",""
"18/02/1998","1175.19","1263.64","1352.09",""
"19/02/1998","1175.58","1264.06","1352.55",""
"20/02/1998","1175.97","1264.49","1353.00",""
"23/02/1998","1177.15","1265.76","1354.36",""
"24/02/1998","1177.55","1266.18","1354.81",""
"25/02/1998","1177.94","1266.61","1355.27",""
"26/02/1998","1178.34","1267.03","1355.72",""
"27/02/1998","1178.73","1267.45","1356.18",""
"02/03/1998","1179.92","1268.73","1357.54",""
"03/03/1998","1180.31","1269.15","1357.99",""
"04/03/1998","1180.71","1269.58","1358.45",""
"05/03/1998","1181.10","1270.00","1358.90",""
"06/03/1998","1181.50","1270.43","1359.36",""
"09/03/1998","1182.69","1271.70","1360.72",""
"10/03/1998","1183.08","1272.13","1361.18",""
"11/03/1998","1183.48","1272.56","1361.64",""
"12/03/1998","1183.87","1272.98","1362.09",""
"13/03/1998","1184.27","1273.41","1362.55",""
"16/03/1998","1185.46","1274.69","1363.92",""
"17/03/1998","1185.86","1275.12","1364.37",""
"18/03/1998","1186.26","1275.54","1364.83",""
"19/03/1998","1186.65","1275.97","1365.29",""
"20/03/1998","1187.05","1276.40","1365.75",""
"24/03/1998","1188.64","1278.11","1367.58",""
"25/03/1998","1189.04","1278.54","1368.03",""
"26/03/1998","1189.44","1278.96","1368.49",""
"27/03/1998","1189.84","1279.39","1368.95",""
"30/03/1998","1191.03","1280.68","1370.33",""
"31/03/1998","1191.43","1281.11","1370.79",""
"01/04/1998","1191.83","1281.54","1371.24",""
"02/04/1998","1192.23","1281.97","1371.70",""
"03/04/1998","1192.63","1282.40","1372.16",""
"06/04/1998","1193.83","1283.68","1373.54",""
"07/04/1998","1194.23","1284.11","1374.00",""
"08/04/1998","1194.63","1284.54","1374.46",""
"13/04/1998","1196.63","1286.70","1376.77",""
"14/04/1998","1197.03","1287.13","1377.23",""
"15/04/1998","1197.43","1287.56","1377.69",""
"16/04/1998","1197.83","1287.99","1378.15",""
"17/04/1998","1198.23","1288.42","1378.61",""
"20/04/1998","1199.44","1289.72","1380.00",""
"21/04/1998","1199.84","1290.15","1380.46",""
"22/04/1998","1200.24","1290.58","1380.92",""
"23/04/1998","1200.64","1291.01","1381.38",""
"24/04/1998","1201.04","1291.44","1381.85",""
"27/04/1998","1202.25","1292.74","1383.23",""
"28/04/1998","1202.65","1293.18","1383.70",""
"29/04/1998","1203.06","1293.61","1384.16",""
"30/04/1998","1203.46","1294.04","1384.62",""
"04/05/1998","1205.07","1295.78","1386.48",""
"05/05/1998","1205.48","1296.21","1386.94",""
"06/05/1998","1205.88","1296.64","1387.41",""
"07/05/1998","1206.28","1297.08","1387.87",""
"08/05/1998","1206.69","1297.51","1388.34",""
"11/05/1998","1207.90","1298.82","1389.73",""
"12/05/1998","1208.30","1299.25","1390.20",""
"13/05/1998","1208.71","1299.69","1390.66",""
"14/05/1998","1209.11","1300.12","1391.13",""
"15/05/1998","1209.52","1300.56","1391.60",""
"18/05/1998","1210.73","1301.86","1392.99",""
"19/05/1998","1211.14","1302.30","1393.46",""
"20/05/1998","1211.54","1302.74","1393.93",""
"21/05/1998","1211.95","1303.17","1394.39",""
"22/05/1998","1212.36","1303.61","1394.86",""
"26/05/1998","1213.98","1305.36","1396.73",""
"27/05/1998","1214.39","1305.79","1397.20",""
"28/05/1998","1214.79","1306.23","1397.67",""
"29/05/1998","1215.20","1306.67","1398.14",""
"01/06/1998","1216.42","1307.98","1399.54",""
"02/06/1998","1216.83","1308.42","1400.01",""
"03/06/1998","1217.24","1308.86","1400.48",""
"04/06/1998","1217.65","1309.30","1400.95",""
"05/06/1998","1218.05","1309.73","1401.42",""
"08/06/1998","1219.28","1311.05","1402.82",""
"09/06/1998","1219.69","1311.49","1403.29",""
"10/06/1998","1220.09","1311.93","1403.76",""
"11/06/1998","1220.50","1312.37","1404.23",""
"12/06/1998","1220.91","1312.81","1404.70",""
"16/06/1998","1222.55","1314.57","1406.59",""
"17/06/1998","1222.96","1315.01","1407.06",""
"18/06/1998","1223.37","1315.45","1407.53",""
"19/06/1998","1223.78","1315.89","1408.00",""
"23/06/1998","1225.42","1317.65","1409.89",""
"24/06/1998","1225.83","1318.09","1410.36",""
"25/06/1998","1226.24","1318.54","1410.83",""
"26/06/1998","1226.65","1318.98","1411.31",""
"30/06/1998","1228.29","1320.74","1413.20",""
"01/07/1998","1228.70","1321.19","1413.67",""
"02/07/1998","1229.12","1321.63","1414.14",""
"03/07/1998","1229.53","1322.07","1414.62",""
"06/07/1998","1230.76","1323.40","1416.04",""
"07/07/1998","1231.17","1323.84","1416.51",""
"08/07/1998","1231.59","1324.29","1416.99",""
"09/07/1998","1232.00","1324.73","1417.46",""
"10/07/1998","1232.41","1325.17","1417.94",""
"13/07/1998","1233.65","1326.51","1419.36",""
"14/07/1998","1234.06","1326.95","1419.84",""
"15/07/1998","1234.48","1327.39","1420.31",""
"16/07/1998","1234.89","1327.84","1420.79",""
"17/07/1998","1235.30","1328.28","1421.26",""
"21/07/1998","1236.96","1330.06","1423.17",""
"22/07/1998","1237.37","1330.51","1423.65",""
"23/07/1998","1237.79","1330.96","1424.12",""
"24/07/1998","1238.20","1331.40","1424.60",""
"27/07/1998","1239.45","1332.74","1426.03",""
"28/07/1998","1239.86","1333.19","1426.51",""
"29/07/1998","1240.28","1333.63","1426.99",""
"30/07/1998","1240.69","1334.08","1427.46",""
"31/07/1998","1241.11","1334.53","1427.94",""
"03/08/1998","1242.36","1335.87","1429.38",""
"04/08/1998","1242.77","1336.31","1429.86",""
"05/08/1998","1243.19","1336.76","1430.33",""
"06/08/1998","1243.60","1337.21","1430.81",""
"10/08/1998","1245.27","1339.00","1432.73",""
"11/08/1998","1245.69","1339.45","1433.21",""
"12/08/1998","1246.11","1339.90","1433.69",""
"13/08/1998","1246.52","1340.35","1434.17",""
"14/08/1998","1246.94","1340.80","1434.65",""
"18/08/1998","1248.61","1342.59","1436.57",""
"19/08/1998","1249.03","1343.04","1437.06",""
"20/08/1998","1249.45","1343.49","1437.54",""
"21/08/1998","1249.87","1343.94","1438.02",""
"24/08/1998","1251.12","1345.29","1439.46",""
"25/08/1998","1251.54","1345.74","1439.95",""
"26/08/1998","1251.96","1346.19","1440.43",""
"27/08/1998","1252.38","1346.65","1440.91",""
"28/08/1998","1252.80","1347.10","1441.39",""
"31/08/1998","1254.06","1348.45","1442.84",""
"01/09/1998","1254.48","1348.90","1443.32",""
"02/09/1998","1367.84","1470.80","1573.75",""
"03/09/1998","1368.30","1471.29","1574.28",""
"04/09/1998","1368.76","1471.78","1574.81",""
"07/09/1998","1370.13","1473.26","1576.39",""
"08/09/1998","1370.59","1473.75","1576.92",""
"09/09/1998","1371.05","1474.25","1577.44",""
"10/09/1998","1371.51","1474.74","1577.97",""
"11/09/1998","1371.97","1475.23","1578.50",""
"14/09/1998","1373.35","1476.72","1580.09",""
"15/09/1998","1373.81","1477.21","1580.62",""
"16/09/1998","1374.27","1477.71","1581.15",""
"17/09/1998","1374.73","1478.20","1581.68",""
"18/09/1998","1375.19","1478.70","1582.20",""
"21/09/1998","1376.57","1480.18","1583.80",""
"22/09/1998","1377.03","1480.68","1584.33",""
"23/09/1998","1377.49","1481.17","1584.86",""
"24/09/1998","1377.95","1481.67","1585.39",""
"25/09/1998","1378.41","1482.17","1585.92",""
"28/09/1998","1379.80","1483.66","1587.51",""
"29/09/1998","1380.26","1484.15","1588.04",""
"30/09/1998","1380.72","1484.65","1588.58",""
"01/10/1998","1381.19","1485.15","1589.11",""
"02/10/1998","1381.65","1485.64","1589.64",""
"05/10/1998","1383.04","1487.14","1591.24",""
"06/10/1998","1383.50","1487.64","1591.77",""
"07/10/1998","1383.96","1488.13","1592.30",""
"08/10/1998","1384.43","1488.63","1592.84",""
"09/10/1998","1384.89","1489.13","1593.37",""
"13/10/1998","1386.75","1491.13","1595.51",""
"14/10/1998","1387.21","1491.63","1596.04",""
"15/10/1998","1387.68","1492.13","1596.57",""
"16/10/1998","1388.14","1492.63","1597.11",""
"19/10/1998","1389.54","1494.13","1598.71",""
"20/10/1998","1390.00","1494.63","1599.25",""
"21/10/1998","1390.47","1495.13","1599.78",""
"22/10/1998","1390.93","1495.63","1600.32",""
"23/10/1998","1391.40","1496.13","1600.86",""
"26/10/1998","1392.80","1497.63","1602.47",""
"27/10/1998","1393.26","1498.13","1603.00",""
"28/10/1998","1393.73","1498.63","1603.54",""
"29/10/1998","1394.20","1499.14","1604.08",""
"30/10/1998","1394.66","1499.64","1604.61",""
"03/11/1998","1396.53","1501.65","1606.76",""
"04/11/1998","1397.00","1502.15","1607.30",""
"05/11/1998","1397.47","1502.65","1607.84",""
"06/11/1998","1397.94","1503.16","1608.38",""
"09/11/1998","1399.34","1504.67","1610.00",""
"10/11/1998","1399.81","1505.17","1610.53",""
"11/11/1998","1400.28","1505.68","1611.07",""
"12/11/1998","1400.75","1506.18","1611.61",""
"13/11/1998","1401.22","1506.69","1612.15",""
"17/11/1998","1403.10","1508.70","1614.31",""
"18/11/1998","1403.57","1509.21","1614.85",""
"19/11/1998","1404.04","1509.72","1615.40",""
"20/11/1998","1404.51","1510.22","1615.94",""
"23/11/1998","1405.92","1511.74","1617.56",""
"24/11/1998","1406.39","1512.24","1618.10",""
"25/11/1998","1406.86","1512.75","1618.64",""
"26/11/1998","1407.33","1513.26","1619.19",""
"27/11/1998","1407.80","1513.76","1619.73",""
"30/11/1998","1409.22","1515.29","1621.36",""
"01/12/1998","1409.69","1515.79","1621.90",""
"02/12/1998","1410.16","1516.30","1622.44",""
"03/12/1998","1410.63","1516.81","1622.99",""
"04/12/1998","1411.10","1517.32","1623.53",""
"07/12/1998","1412.52","1518.84","1625.16",""
"09/12/1998","1413.47","1519.86","1626.25",""
"10/12/1998","1413.94","1520.37","1626.79",""
"11/12/1998","1414.42","1520.88","1627.34",""
"14/12/1998","1415.84","1522.41","1628.97",""
"15/12/1998","1416.31","1522.92","1629.52",""
"16/12/1998","1416.79","1523.43","1630.07",""
"17/12/1998","1417.26","1523.94","1630.61",""
"18/12/1998","1417.74","1524.45","1631.16",""
"21/12/1998","1419.16","1525.98","1632.80",""
"22/12/1998","1419.64","1526.49","1633.34",""
"23/12/1998","1420.11","1527.00","1633.89",""
"24/12/1998","1420.59","1527.51","1634.44",""
"28/12/1998","1420.59","1527.51","1634.44",""
"29/12/1998","1422.49","1529.56","1636.63",""
"30/12/1998","1422.97","1530.07","1637.18",""
"04/01/1999","1425.83","1533.15","1640.47",""
"05/01/1999","1426.31","1533.66","1641.02",""
"06/01/1999","1426.78","1534.18","1641.57",""
"07/01/1999","1427.26","1534.69","1642.12",""
"08/01/1999","1427.74","1535.20","1642.67",""
"12/01/1999","1429.65","1537.26","1644.87",""
"13/01/1999","1430.13","1537.78","1645.42",""
"14/01/1999","1430.61","1538.29","1645.97",""
"15/01/1999","1431.09","1538.81","1646.52",""
"18/01/1999","1432.53","1540.35","1648.18",""
"19/01/1999","1433.01","1540.87","1648.73",""
"20/01/1999","1433.49","1541.38","1649.28",""
"21/01/1999","1433.97","1541.90","1649.83",""
"22/01/1999","1434.45","1542.42","1650.39",""
"25/01/1999","1435.89","1543.97","1652.05",""
"26/01/1999","1436.37","1544.48","1652.60",""
"27/01/1999","1436.85","1545.00","1653.15",""
"28/01/1999","1437.33","1545.52","1653.71",""
"29/01/1999","1437.81","1546.04","1654.26",""
"01/02/1999","1439.26","1547.59","1655.92",""
"02/02/1999","1439.74","1548.11","1656.48",""
"03/02/1999","1440.22","1548.63","1657.03",""
"04/02/1999","1440.71","1549.15","1657.59",""
"05/02/1999","1441.19","1549.66","1658.14",""
"08/02/1999","1442.64","1551.22","1659.81",""
"09/02/1999","1443.12","1551.74","1660.36",""
"10/02/1999","1443.60","1552.26","1660.92",""
"11/02/1999","1444.09","1552.78","1661.48",""
"12/02/1999","1444.57","1553.30","1662.03",""
"15/02/1999","1446.02","1554.86","1663.70",""
"16/02/1999","1446.51","1555.38","1664.26",""
"17/02/1999","1446.99","1555.90","1664.82",""
"18/02/1999","1447.48","1556.43","1665.38",""
"19/02/1999","1447.96","1556.95","1665.93",""
"22/02/1999","1449.42","1558.51","1667.61",""
"23/02/1999","1449.90","1559.03","1668.17",""
"24/02/1999","1450.39","1559.56","1668.72",""
"25/02/1999","1450.87","1560.08","1669.28",""
"26/02/1999","1451.36","1560.60","1669.84",""
"01/03/1999","1452.82","1562.17","1671.52",""
"02/03/1999","1453.30","1562.69","1672.08",""
"03/03/1999","1453.79","1563.22","1672.64",""
"04/03/1999","1454.28","1563.74","1673.20",""
"05/03/1999","1454.76","1564.26","1673.76",""
"08/03/1999","1456.23","1565.83","1675.44",""
"09/03/1999","1456.71","1566.36","1676.00",""
"10/03/1999","1457.20","1566.88","1676.57",""
"11/03/1999","1457.69","1567.41","1677.13",""
"12/03/1999","1458.18","1567.93","1677.69",""
"15/03/1999","1459.64","1569.51","1679.37",""
"16/03/1999","1460.13","1570.03","1679.94",""
"17/03/1999","1460.62","1570.56","1680.50",""
"18/03/1999","1461.11","1571.09","1681.06",""
"19/03/1999","1461.60","1571.61","1681.63",""
"23/03/1999","1463.56","1573.72","1683.88",""
"24/03/1999","1464.05","1574.25","1684.44",""
"25/03/1999","1464.54","1574.77","1685.01",""
"26/03/1999","1465.03","1575.30","1685.57",""
"29/03/1999","1466.50","1576.88","1687.27",""
"30/03/1999","1466.99","1577.41","1687.83",""
"31/03/1999","1467.48","1577.94","1688.40",""
"05/04/1999","1469.94","1580.58","1691.23",""
"06/04/1999","1470.44","1581.11","1691.79",""
"07/04/1999","1470.93","1581.64","1692.36",""
"08/04/1999","1471.42","1582.17","1692.92",""
"09/04/1999","1471.91","1582.70","1693.49",""
"12/04/1999","1473.39","1584.29","1695.19",""
"13/04/1999","1473.89","1584.82","1695.76",""
"14/04/1999","1474.38","1585.35","1696.33",""
"15/04/1999","1474.87","1585.89","1696.90",""
"16/04/1999","1475.37","1586.42","1697.47",""
"19/04/1999","1476.85","1588.01","1699.17",""
"20/04/1999","1477.34","1588.54","1699.74",""
"21/04/1999","1477.84","1589.07","1700.31",""
"22/04/1999","1478.33","1589.61","1700.88",""
"23/04/1999","1478.83","1590.14","1701.45",""
"26/04/1999","1480.32","1591.74","1703.16",""
"27/04/1999","1480.81","1592.27","1703.73",""
"28/04/1999","1481.31","1592.80","1704.30",""
"29/04/1999","1481.80","1593.34","1704.87",""
"30/04/1999","1482.30","1593.87","1705.44",""
"03/05/1999","1483.79","1595.47","1707.16",""
"04/05/1999","1484.29","1596.01","1707.73",""
"05/05/1999","1484.78","1596.54","1708.30",""
"06/05/1999","1485.28","1597.08","1708.87",""
"07/05/1999","1485.78","1597.61","1709.44",""
"10/05/1999","1487.27","1599.22","1711.16",""
"11/05/1999","1487.77","1599.75","1711.73",""
"12/05/1999","1488.27","1600.29","1712.31",""
"13/05/1999","1488.77","1600.82","1712.88",""
"14/05/1999","1489.26","1601.36","1713.46",""
"18/05/1999","1491.26","1603.51","1715.75",""
"19/05/1999","1491.76","1604.04","1716.33",""
"20/05/1999","1492.26","1604.58","1716.90",""
"21/05/1999","1492.76","1605.12","1717.48",""
"24/05/1999","1494.26","1606.73","1719.20",""
"25/05/1999","1494.76","1607.27","1719.78",""
"26/05/1999","1495.26","1607.81","1720.35",""
"27/05/1999","1495.76","1608.35","1720.93",""
"28/05/1999","1496.26","1608.88","1721.51",""
"31/05/1999","1497.77","1610.50","1723.24",""
"01/06/1999","1498.27","1611.04","1723.81",""
"02/06/1999","1498.77","1611.58","1724.39",""
"03/06/1999","1499.27","1612.12","1724.97",""
"04/06/1999","1499.77","1612.66","1725.55",""
"08/06/1999","1501.78","1614.82","1727.86",""
"09/06/1999","1502.29","1615.36","1728.44",""
"10/06/1999","1502.79","1615.90","1729.02",""
"11/06/1999","1503.29","1616.44","1729.60",""
"15/06/1999","1505.31","1618.61","1731.91",""
"16/06/1999","1505.81","1619.15","1732.49",""
"17/06/1999","1506.32","1619.70","1733.07",""
"18/06/1999","1506.82","1620.24","1733.65",""
"21/06/1999","1508.34","1621.87","1735.40",""
"22/06/1999","1508.84","1622.41","1735.98",""
"23/06/1999","1509.35","1622.95","1736.56",""
"24/06/1999","1509.85","1623.50","1737.14",""
"25/06/1999","1510.36","1624.04","1737.72",""
"28/06/1999","1594.78","1771.98","1949.18",""
"29/06/1999","1595.20","1772.44","1949.69",""
"30/06/1999","1595.62","1772.91","1950.20",""
"01/07/1999","1596.03","1773.37","1950.71",""
"02/07/1999","1596.45","1773.83","1951.22",""
"06/07/1999","1598.12","1775.69","1953.25",""
"07/07/1999","1598.53","1776.15","1953.76",""
"08/07/1999","1598.95","1776.61","1954.27",""
"09/07/1999","1599.37","1777.08","1954.79",""
"12/07/1999","1600.62","1778.47","1956.32",""
"13/07/1999","1601.04","1778.93","1956.83",""
"14/07/1999","1601.46","1779.40","1957.34",""
"15/07/1999","1601.88","1779.86","1957.85",""
"16/07/1999","1602.30","1780.33","1958.36",""
"19/07/1999","1603.55","1781.72","1959.90",""
"21/07/1999","1604.39","1782.65","1960.92",""
"22/07/1999","1604.81","1783.12","1961.43",""
"23/07/1999","1605.23","1783.59","1961.94",""
"26/07/1999","1606.49","1784.98","1963.48",""
"27/07/1999","1606.90","1785.45","1963.99",""
"28/07/1999","1607.32","1785.92","1964.51",""
"29/07/1999","1607.74","1786.38","1965.02",""
"30/07/1999","1608.16","1786.85","1965.53",""
"02/08/1999","1609.42","1788.25","1967.07",""
"03/08/1999","1609.84","1788.72","1967.59",""
"04/08/1999","1610.26","1789.18","1968.10",""
"05/08/1999","1610.69","1789.65","1968.62",""
"06/08/1999","1611.11","1790.12","1969.13",""
"09/08/1999","1612.37","1791.52","1970.67",""
"10/08/1999","1612.79","1791.99","1971.19",""
"11/08/1999","1613.21","1792.46","1971.70",""
"12/08/1999","1613.63","1792.92","1972.22",""
"13/08/1999","1614.05","1793.39","1972.73",""
"17/08/1999","1615.74","1795.27","1974.79",""
"18/08/1999","1616.16","1795.74","1975.31",""
"19/08/1999","1616.58","1796.21","1975.83",""
"20/08/1999","1617.01","1796.67","1976.34",""
"23/08/1999","1618.27","1798.08","1977.89",""
"24/08/1999","1618.70","1798.55","1978.41",""
"25/08/1999","1619.12","1799.02","1978.92",""
"26/08/1999","1619.54","1799.49","1979.44",""
"27/08/1999","1619.97","1799.96","1979.96",""
"30/08/1999","1621.23","1801.37","1981.51",""
"31/08/1999","1621.66","1801.84","1982.03",""
"01/09/1999","1622.08","1802.31","1982.54",""
"02/09/1999","1622.51","1802.78","1983.06",""
"03/09/1999","1622.93","1803.25","1983.58",""
"06/09/1999","1624.20","1804.67","1985.13",""
"07/09/1999","1624.62","1805.14","1985.65",""
"08/09/1999","1625.05","1805.61","1986.17",""
"09/09/1999","1625.47","1806.08","1986.69",""
"10/09/1999","1625.90","1806.55","1987.21",""
"13/09/1999","1627.17","1807.97","1988.77",""
"14/09/1999","1627.60","1808.44","1989.29",""
"15/09/1999","1628.02","1808.91","1989.81",""
"16/09/1999","1628.45","1809.39","1990.32",""
"17/09/1999","1628.87","1809.86","1990.84",""
"20/09/1999","1630.15","1811.28","1992.40",""
"21/09/1999","1630.57","1811.75","1992.92",""
"22/09/1999","1631.00","1812.22","1993.45",""
"23/09/1999","1631.43","1812.70","1993.97",""
"24/09/1999","1631.85","1813.17","1994.49",""
"Filas 1 - 1384 (Todas las Filas)","","","",""
"","","","",""
"Fuente: Banco de la República","","","",""
"","","","",""
" Banco de la República - Gerencia Técnica - información extraída de la bodega de datos -Serankua- el 19/11/2023 19:44:42 br/]","","","",""
" ","","","",""
